{
  "model": "mistralai/Mistral-7B-v0.3",
  "n_matrices": 224,
  "s1_mean": 7.405492641031742,
  "s1_range": [
    3.3381617069244385,
    8.14212417602539
  ],
  "fits": {
    "dmin_5pct": {
      "r2_s1": 0.838876468200142,
      "slope_s1": 0.7557759770002679,
      "r2_alpha": 0.10025529579206251,
      "slope_alpha": -0.015897527005508998,
      "n": 224
    },
    "dmin_10pct": {
      "r2_s1": 0.9163794081399845,
      "slope_s1": 0.8239112985539436,
      "r2_alpha": 0.07827759863930142,
      "slope_alpha": -0.014651880820322032,
      "n": 224
    },
    "dmin_20pct": {
      "r2_s1": 0.9730703252123827,
      "slope_s1": 0.9098863859417257,
      "r2_alpha": 0.053501944981839834,
      "slope_alpha": -0.01298170304971882,
      "n": 224
    },
    "dmin_50pct": {
      "r2_s1": 0.9974487430026081,
      "slope_s1": 1.0412565832039569,
      "r2_alpha": 0.02243624574445213,
      "slope_alpha": -0.00950209555089814,
      "n": 224
    }
  },
  "s1_vs_alpha_correlation": -0.15846587750699653
}