{
  "model": "mistralai/Mistral-7B-v0.3",
  "n_matrices": 224,
  "fits": {
    "5pct": {
      "eff": {
        "r2": 0.2861420795601309,
        "slope": 0.26667042515439815,
        "c": 18.093546937423373
      },
      "raw": {
        "r2": 0.8388782553146015,
        "slope": 0.7557760474039056,
        "c": 1.515780842228012
      }
    },
    "10pct": {
      "eff": {
        "r2": 0.4084761515243537,
        "slope": 0.3510951801955769,
        "c": 13.830468400225529
      },
      "raw": {
        "r2": 0.9163815581290689,
        "slope": 0.8239106318698026,
        "c": 1.391658129382622
      }
    },
    "20pct": {
      "eff": {
        "r2": 0.6071160157855079,
        "slope": 0.5197572422269139,
        "c": 7.755449465039055
      },
      "raw": {
        "r2": 0.9730704183474184,
        "slope": 0.9098864050220375,
        "c": 1.1615602820956172
      }
    },
    "50pct": {
      "eff": {
        "r2": 0.9551947364950719,
        "slope": 1.0950124758555664,
        "c": 0.77835676917683
      },
      "raw": {
        "r2": 0.9974487268468106,
        "slope": 1.0412565467757662,
        "c": 0.5898859481196346
      }
    }
  },
  "s1_gap": {
    "mean": 2.7666950935630927,
    "min": 0.4369831085205078,
    "max": 7.917114719748497,
    "all_positive": true
  }
}