{
  "model": "mistralai/Mistral-7B-v0.3",
  "n_matrices": 224,
  "fits": {
    "5pct": {
      "eff": {
        "r2": 0.28614332708528356,
        "slope": 0.26667127768327575,
        "c": 18.093513653779425
      },
      "raw": {
        "r2": 0.8388782553146015,
        "slope": 0.7557760474039056,
        "c": 1.515780842228012
      }
    },
    "10pct": {
      "eff": {
        "r2": 0.4084740286016618,
        "slope": 0.35109377398034125,
        "c": 13.830642038623026
      },
      "raw": {
        "r2": 0.9163815581290689,
        "slope": 0.8239106318698026,
        "c": 1.391658129382622
      }
    },
    "20pct": {
      "eff": {
        "r2": 0.6071332764390109,
        "slope": 0.5197631428133008,
        "c": 7.755478909014544
      },
      "raw": {
        "r2": 0.9730704183474184,
        "slope": 0.9098864050220375,
        "c": 1.1615602820956172
      }
    },
    "50pct": {
      "eff": {
        "r2": 0.9551969651639441,
        "slope": 1.095004818478623,
        "c": 0.7783586075625847
      },
      "raw": {
        "r2": 0.9974487268468106,
        "slope": 1.0412565467757662,
        "c": 0.5898859481196346
      }
    }
  },
  "s1_gap": {
    "mean": 2.7667037353717854,
    "min": 0.43695831298828125,
    "max": 7.91709440946579,
    "all_positive": true
  }
}